Word,NoSport,Football,Tennis,IceHockey,Basketball
assistant,2,0,1,0,1
love,1,0,2,0,2
home,3,6,2,3,1
hoop,1,0,0,0,1
travel,1,0,0,0,0
go,3,5,5,7,5
run,2,2,3,4,2
unicycle,1,0,0,0,0
high,2,0,0,1,1
major,2,0,0,0,0
out,6,7,5,8,6
world,1,2,5,1,1
rope,1,0,0,0,0
competition,1,6,1,0,0
time,5,8,8,6,3
art,1,0,0,1,0
personal,2,0,0,0,0
drop,1,0,2,2,0
up,4,4,4,6,3
equipment,1,0,0,0,0
return,4,4,2,3,5
jump,3,0,1,0,1
win,1,5,7,7,4
water,1,0,0,0,0
professional,1,0,1,0,1
athlete,1,1,0,0,0
board,1,0,1,1,0
country,3,0,0,0,1
player,3,3,7,5,5
move,2,2,1,2,3
roller,1,0,0,0,0
skate,1,0,1,3,0
lose,2,4,4,4,1
club,0,6,1,0,2
long,1,3,3,5,3
champion,0,2,3,0,0
league,0,8,0,4,3
team,0,8,2,6,3
goal,0,8,0,7,3
play,0,8,6,8,7
stadium,0,2,3,0,0
penalty,0,2,0,1,0
score,0,6,1,6,3
tie,1,7,0,2,2
point,0,4,2,8,7
hit,3,2,2,2,0
set,1,4,4,3,1
goalkeeper,0,1,0,0,0
series,0,1,2,2,1
pitch,0,2,0,0,0
game,0,6,4,8,7
back,3,5,7,6,4
gear,0,1,0,1,0
tennis,0,0,6,0,0
shoot,0,0,1,3,2
ride,0,1,2,0,0
sport,0,0,2,0,0
throw,0,0,1,0,2
grand,0,0,3,0,0
drive,3,1,1,1,1
olympics,0,0,1,0,0
cup,0,2,0,6,0
visit,1,0,0,2,0
doubleheader,0,0,0,2,0
playoff,0,0,0,7,3
push,2,0,1,2,1
king,0,0,1,3,1
forward,0,2,1,7,3
assist,0,2,0,2,2
power,1,2,1,5,1
area,4,1,0,4,0
hockey,0,0,0,4,0
goalie,0,0,0,4,0
coach,0,3,1,7,4
line,3,1,0,5,1
puck,0,0,0,4,0
net,0,1,0,4,1
shot,1,2,0,3,1
break,1,1,1,0,2
rebound,0,0,1,1,5
block,0,1,0,0,1
championship,0,0,0,0,2
foul,0,0,0,0,2
draft,0,0,0,2,1
serve,0,0,2,0,1
basketball,0,0,0,0,1
teammate,0,0,0,1,1
pass,0,2,0,2,2
uniform,0,0,0,0,2
arena,0,0,0,1,0
ice,0,0,1,2,0
check,0,0,0,2,0
put,0,3,0,4,1
match,0,3,7,0,0
row,1,1,2,0,0
forehand,0,0,1,0,0
winner,0,3,3,1,0
track,0,0,1,0,0
ace,0,0,1,0,0
ball,0,3,2,0,3
let,0,1,1,2,0
draw,0,6,1,0,1
quarter,0,1,0,0,2
midfielder,0,1,0,0,0
target,3,2,0,0,0
football,0,5,0,0,0
extra,0,2,0,0,1
guard,2,0,0,0,3
attacker,1,0,0,0,0
charge,3,2,1,0,0
technical,0,1,0,0,0
catch,0,2,0,0,0
advantage,0,1,0,1,1
possession,0,1,0,2,1
strike,0,3,0,0,0
ski,0,1,0,0,0
base,2,0,1,3,1
shooting,2,0,0,0,2
white,1,0,0,0,0
tackle,1,0,0,0,0
corner,1,0,1,0,1
obstruction,1,0,0,0,0
violation,1,0,0,0,0
war,1,0,0,0,0
cross,1,0,0,0,0
figure,1,1,0,1,0
slam,0,0,2,0,1
double,0,1,1,0,0
rally,1,0,1,1,0
spot,1,1,2,3,1
stick,0,0,1,1,1
mixed,0,0,1,0,0
defense,0,0,1,1,1
circle,0,0,0,1,0
red,0,0,0,3,0
walk,0,1,0,1,0
climb,0,0,0,2,0
judge,0,0,1,1,0
card,0,0,0,2,0
offense,0,0,0,3,2
compete,0,0,0,2,0
rink,0,0,0,1,0
field,0,0,1,1,2
free,0,0,0,0,2
hurdle,0,0,0,0,1
overtime,0,0,0,0,1
plate,0,0,0,0,1
arrow,0,0,0,0,1
race,0,1,0,2,1
mvp,0,0,0,1,2
dangerous,0,0,0,0,1
bowling,0,0,0,0,1
dribble,0,0,0,0,1
kick,0,0,0,0,1
clock,0,0,0,0,1
dunk,0,0,0,0,1
speed,0,0,0,0,1
three-point,0,0,0,1,0
stroke,0,0,0,1,0
shootout,0,0,0,1,0
backhand,0,0,0,1,0
pole,0,0,1,0,0
hang,0,1,0,0,0
substitute,0,1,0,0,0
scoop,0,1,0,0,0
striker,0,1,0,0,0
centre,2,0,0,0,0